{"count":1,"self":231.59214079999998,"total":232.3598266,"children":{"InitializeActuators":{"count":1,"self":0.0019989,"total":0.0019989,"children":null},"InitializeSensors":{"count":1,"self":0.0020131999999999997,"total":0.0020131999999999997,"children":null},"AgentSendState":{"count":3393,"self":0.0170135,"total":0.059057599999999995,"children":{"CollectObservations":{"count":679,"self":0.026042199999999998,"total":0.026042199999999998,"children":null},"WriteActionMask":{"count":679,"self":0.0029982999999999998,"total":0.0029982999999999998,"children":null},"RequestDecision":{"count":679,"self":0.013003599999999999,"total":0.013003599999999999,"children":null}}},"DecideAction":{"count":3393,"self":0.68061549999999993,"total":0.68061549999999993,"children":null},"AgentAct":{"count":3393,"self":0.023994099999999997,"total":0.023994099999999997,"children":null}},"gauges":{"ArcadeDriver.CumulativeReward":{"count":47,"max":56.21533,"min":-12.1423512,"runningAverage":-4.906647,"value":-5.054366,"weightedAverage":-7.29340267}},"metadata":{"timer_format_version":"0.1.0","start_time_seconds":"1694444598","unity_version":"2021.3.25f1","command_line_arguments":"C:\\Program Files\\Unity\\Hub\\Editor\\2021.3.25f1\\Editor\\Unity.exe -projectpath Z:\\KartSample -useHub -hubIPC -cloudEnvironment production -licensingIpc LicenseClient-zsh67 -hubSessionId e76ca85c-bdf6-4ce6-a943-f166db0a4d7a -accessToken T8xEPU3qZiljPyTL-MaZas7_tePUNVMrEDjcUXqCZ5I008f","communication_protocol_version":"1.5.0","com.unity.ml-agents_version":"2.0.1","scene_name":"SoloMenu","end_time_seconds":"1694444830"}}